"Ticker","company_name","Return","Volatility","Cluster","Cluster_Label"
"NVDA","Nvidia",0.277062956252326,0.633369429615367,"4","High Volatility / Speculative"
"MSFT","Microsoft",0.359353260310327,0.29405861375091,"2","Aggressive Growth"
"AAPL","Apple Inc.",-0.357412511577493,0.405193389690525,"1","Conservative / Defensive"
"AMZN","Amazon",-0.00786423009163422,0.382002652211415,"2","Aggressive Growth"
"META","Meta Platforms",0.434030602060416,0.429675257607855,"4","High Volatility / Speculative"
"AVGO","Broadcom",0.359216178210368,0.606766669712816,"4","High Volatility / Speculative"
"GOOGL","Alphabet Inc. (Class A)",-0.150428594810788,0.362671197044582,"2","Aggressive Growth"
"GOOG","Alphabet Inc. (Class C)",-0.149916420349665,0.358371788831953,"2","Aggressive Growth"
"TSLA","Tesla, Inc.",-0.369238501876752,0.764995537610641,"1","Conservative / Defensive"
"BRK.B","Berkshire Hathaway",0.154211954897179,0.229834440377709,"2","Aggressive Growth"
"ORCL","Oracle Corporation",0.573169435611683,0.535799393979874,"4","High Volatility / Speculative"
"WMT","Walmart",0.172672871724786,0.287425454901035,"2","Aggressive Growth"
"JPM","JPMorgan Chase",0.393477395655316,0.299366719542891,"2","Aggressive Growth"
"LLY","Lilly (Eli)",0.00390429127829811,0.440325880823537,"2","Aggressive Growth"
"V","Visa Inc.",0.256734611698764,0.267624566119382,"2","Aggressive Growth"
"NFLX","Netflix",0.85853877756778,0.368443095277378,"4","High Volatility / Speculative"
"MA","Mastercard",0.15195288575112,0.275957685613083,"2","Aggressive Growth"
"XOM","ExxonMobil",0.00948814683501632,0.28301196528212,"2","Aggressive Growth"
"JNJ","Johnson & Johnson",0.122564509472793,0.223482237723451,"2","Aggressive Growth"
"PLTR","Palantir Technologies",1.23914610381942,0.828373752247676,"4","High Volatility / Speculative"
"COST","Costco",0.175793010576563,0.258552345316873,"3","Stable Yield"
"ABBV","AbbVie",0.070519769460612,0.292747061677821,"2","Aggressive Growth"
"BAC","Bank of America",0.137817177984462,0.333043628394449,"2","Aggressive Growth"
"HD","Home Depot (The)",-0.120397194869304,0.248905391867219,"2","Aggressive Growth"
"AMD","Advanced Micro Devices",0.338210188399616,0.591979218997715,"4","High Volatility / Speculative"
"PG","Procter & Gamble",-0.0852895892225488,0.219439364831342,"2","Aggressive Growth"
"UNH","UnitedHealth Group",-0.977473197648393,0.597697228810512,"1","Conservative / Defensive"
"GE","GE Aerospace",0.881214244299815,0.364505171026106,"4","High Volatility / Speculative"
"CVX","Chevron Corporation",-0.0505779192176925,0.300089715096495,"2","Aggressive Growth"
"KO","Coca-Cola Company (The)",0.280328407649036,0.20031998706193,"2","Aggressive Growth"
"CSCO","Cisco",0.333988964600388,0.270465889362279,"2","Aggressive Growth"
"WFC","Wells Fargo",0.275574829206052,0.337109211907639,"2","Aggressive Growth"
"MS","Morgan Stanley",0.252446316230788,0.389224582022038,"2","Aggressive Growth"
"IBM","IBM",0.609953573954608,0.333660282026145,"2","Aggressive Growth"
"TMUS","T-Mobile US",0.170513648493526,0.32902251898789,"2","Aggressive Growth"
"CAT","Caterpillar Inc.",0.158450710478084,0.338265467060374,"2","Aggressive Growth"
"PM","Philip Morris International",0.849935743366563,0.268768940515994,"2","Aggressive Growth"
"GS","Goldman Sachs",0.432717444083798,0.382517617124661,"2","Aggressive Growth"
"AXP","American Express",0.138689565018182,0.37937935818161,"2","Aggressive Growth"
"CRM","Salesforce",-0.401440245008164,0.344369786545624,"1","Conservative / Defensive"
"ABT","Abbott Laboratories",0.377904926566387,0.235400054197103,"2","Aggressive Growth"
"MCD","McDonald's",-0.00242217709985068,0.211445263826025,"2","Aggressive Growth"
"MU","Micron Technology",0.717514323613915,0.689947142403873,"4","High Volatility / Speculative"
"LIN","Linde plc",0.259726554432562,0.222839220374885,"3","Stable Yield"
"RTX","RTX Corporation",0.479148227221796,0.327458080748518,"2","Aggressive Growth"
"MRK","Merck & Co.",-0.4693540163045,0.322969735475652,"1","Conservative / Defensive"
"PEP","PepsiCo",-0.268514139027211,0.235301710898841,"2","Aggressive Growth"
"APP","AppLovin Corporation",0.0499719010979291,0.974375066365601,"4","High Volatility / Speculative"
"DIS","Walt Disney Company (The)",0.234203685181987,0.368502653616073,"2","Aggressive Growth"
"UBER","Uber",0.812211834227748,0.438930708699373,"4","High Volatility / Speculative"
"TMO","Thermo Fisher Scientific",-0.528443419186719,0.3374320824898,"1","Conservative / Defensive"
"NOW","ServiceNow",-0.0525284497509711,0.475088606093803,"3","Stable Yield"
"BLK","BlackRock",0.0755284329834351,0.3264304808183,"3","Stable Yield"
"T","AT&T",0.493897633774642,0.260335581671665,"2","Aggressive Growth"
"C","Citigroup",0.409082000640019,0.390733955903607,"2","Aggressive Growth"
"INTU","Intuit",0.489044639573987,0.357648947276419,"3","Stable Yield"
"LRCX","Lam Research",0.615320211490116,0.535840586300657,"4","High Volatility / Speculative"
"AMAT","Applied Materials",0.23074695063477,0.490034192780691,"4","High Volatility / Speculative"
"ANET","Arista Networks",-0.184552910996935,0.68582534414251,"1","Conservative / Defensive"
"QCOM","Qualcomm",0.0748208479719154,0.434474444120071,"2","Aggressive Growth"
"GEV","GE Vernova",0.927711644079139,0.668014728620589,"4","High Volatility / Speculative"
"NEE","NextEra Energy",-0.0646863560617559,0.324631687644963,"2","Aggressive Growth"
"INTC","Intel",0.213239370311608,0.661377455051312,"4","High Volatility / Speculative"
"SCHW","Charles Schwab Corporation",0.440672623304469,0.292633960722902,"2","Aggressive Growth"
"BKNG","Booking Holdings",0.336592580504198,0.322530272181394,"3","Stable Yield"
"VZ","Verizon",0.15274914048395,0.239877687902413,"2","Aggressive Growth"
"BA","Boeing",0.412631360564712,0.445273832272897,"4","High Volatility / Speculative"
"TJX","TJX Companies",0.0398425201201107,0.203472838407138,"2","Aggressive Growth"
"TXN","Texas Instruments",0.218403369042796,0.466461635952734,"2","Aggressive Growth"
"AMGN","Amgen",0.154231555902266,0.287073289173401,"2","Aggressive Growth"
"ISRG","Intuitive Surgical",0.0756315830606392,0.401229874919496,"3","Stable Yield"
"APH","Amphenol",0.746294838855187,0.432650119999764,"4","High Volatility / Speculative"
"ACN","Accenture",-0.321727810852424,0.304689684992839,"2","Aggressive Growth"
"SPGI","S&P Global",0.129505774121151,0.272770039693015,"3","Stable Yield"
"DHR","Danaher Corporation",-0.315128676383354,0.373794406953811,"1","Conservative / Defensive"
"ETN","Eaton Corporation",0.151394290859938,0.459470674522706,"2","Aggressive Growth"
"GILD","Gilead Sciences",0.391276788617912,0.299648644639859,"2","Aggressive Growth"
"BSX","Boston Scientific",0.382699162928693,0.275963412779592,"2","Aggressive Growth"
"SYK","Stryker Corporation",0.20396857333627,0.245047371175165,"3","Stable Yield"
"PANW","Palo Alto Networks",0.258649474759457,0.38929093868101,"2","Aggressive Growth"
"ADBE","Adobe Inc.",-0.272681302654094,0.35798811113251,"1","Conservative / Defensive"
"PFE","Pfizer",-0.194275180121471,0.256967435200452,"2","Aggressive Growth"
"KLAC","KLA Corporation",0.711175783316245,0.482265968183615,"4","High Volatility / Speculative"
"COF","Capital One",0.363214034466805,0.451950390692786,"4","High Volatility / Speculative"
"LOW","Lowe's",-0.223292278554931,0.258827541066212,"3","Stable Yield"
"UNP","Union Pacific Corporation",0.00870793447620755,0.262811471202196,"2","Aggressive Growth"
"PGR","Progressive Corporation",0.215305010763797,0.280639347162793,"2","Aggressive Growth"
"HON","Honeywell",0.0668829922573616,0.284892030419803,"2","Aggressive Growth"
"BX","Blackstone Inc.",-0.311951253352957,0.463048756514467,"1","Conservative / Defensive"
"CRWD","CrowdStrike",0.797137940291441,0.528877745693636,"4","High Volatility / Speculative"
"MDT","Medtronic",0.173041474543452,0.256831627945725,"2","Aggressive Growth"
"CEG","Constellation Energy",0.594584662401072,0.778985910386216,"4","High Volatility / Speculative"
"HOOD","Robinhood Markets, Inc.",1.80059272259937,0.850772244750194,"4","High Volatility / Speculative"
"DE","Deere & Company",0.407226976179196,0.311734110440485,"3","Stable Yield"
"LMT","Lockheed Martin",-0.0842081275553496,0.299908270916503,"3","Stable Yield"
"ADP","Automatic Data Processing",0.130632518387837,0.22285635347131,"3","Stable Yield"
"DASH","DoorDash",0.76597146351355,0.460363211890208,"4","High Volatility / Speculative"
"ADI","Analog Devices",0.247499773048404,0.486583395523702,"4","High Volatility / Speculative"
"KKR","KKR",-0.23876686499284,0.567091664081336,"1","Conservative / Defensive"
"WELL","Welltower",0.435536373785923,0.243997413617145,"2","Aggressive Growth"
"CB","Chubb Limited",0.127463960514527,0.234956060328483,"3","Stable Yield"
"COP","ConocoPhillips",-0.227119197801044,0.41027403719264,"1","Conservative / Defensive"
"CMCSA","Comcast",-0.0985815322533592,0.305198436784174,"2","Aggressive Growth"
"SO","Southern Company",0.234019487569589,0.20939689856994,"2","Aggressive Growth"
"MO","Altria",0.229596748745799,0.203988139570458,"2","Aggressive Growth"
"PLD","Prologis",0.0171084578502301,0.337666385001001,"2","Aggressive Growth"
"VRTX","Vertex Pharmaceuticals",0.193189796969678,0.285883776324266,"3","Stable Yield"
"DELL","Dell Technologies",0.105753097314617,0.599854801876173,"4","High Volatility / Speculative"
"MMC","Marsh McLennan",0.0707231348177339,0.216765618054763,"3","Stable Yield"
"NKE","Nike, Inc.",-0.0757094679894506,0.495642696732566,"1","Conservative / Defensive"
"NEM","Newmont",0.869795384402081,0.392718660140836,"4","High Volatility / Speculative"
"CVS","CVS Health",0.926025924661219,0.364480512427003,"4","High Volatility / Speculative"
"DUK","Duke Energy",0.187899227433222,0.199425362752319,"2","Aggressive Growth"
"HCA","HCA Healthcare",0.524913591361496,0.306755934931904,"3","Stable Yield"
"MCK","McKesson Corporation",0.53707340945419,0.217888349364852,"3","Stable Yield"
"CME","CME Group",0.352356586756474,0.205328863093424,"2","Aggressive Growth"
"TT","Trane Technologies",0.327064910192892,0.32393148754551,"3","Stable Yield"
"PH","Parker Hannifin",0.216458845467167,0.39390559238626,"3","Stable Yield"
"SBUX","Starbucks",-0.0122375553319804,0.401332352479629,"2","Aggressive Growth"
"ICE","Intercontinental Exchange",0.428661540143258,0.209276539476636,"2","Aggressive Growth"
"GD","General Dynamics",0.231236073712011,0.251041142287303,"3","Stable Yield"
"CDNS","Cadence Design Systems",0.072131942401192,0.451445062873203,"3","Stable Yield"
"NOC","Northrop Grumman",0.137617896460186,0.335457807824533,"3","Stable Yield"
"COIN","Coinbase Global",0.64445210324176,0.827856556433791,"4","High Volatility / Speculative"
"BMY","Bristol Myers Squibb",-0.42576399429118,0.299055320223095,"1","Conservative / Defensive"
"WM","Waste Management",0.274746520038087,0.195613394338359,"3","Stable Yield"
"ORLY","O'Reilly Auto Parts",0.269745153379337,0.224279055214191,"2","Aggressive Growth"
"MCO","Moody's Corporation",0.122930156896545,0.326879703910678,"3","Stable Yield"
"AMT","American Tower",0.415675940551584,0.281966365631942,"2","Aggressive Growth"
"RCL","Royal Caribbean Group",0.651536709110266,0.524359413122451,"4","High Volatility / Speculative"
"SHW","Sherwin-Williams",0.0628054901037102,0.266375503763142,"3","Stable Yield"
"SNPS","Synopsys",0.125277213085585,0.41479454203029,"3","Stable Yield"
"MMM","3M",0.333710753551281,0.348526368043328,"2","Aggressive Growth"
"CI","Cigna",0.387234148620469,0.276639311688543,"3","Stable Yield"
"MDLZ","Mondelez International",0.260876233783371,0.238554488652382,"2","Aggressive Growth"
"EQIX","Equinix",-0.357041609020089,0.346043242819975,"3","Stable Yield"
"ELV","Elevance Health",0.127682289406989,0.325737913872831,"3","Stable Yield"
"HWM","Howmet Aerospace",1.08049443692538,0.402904309275773,"4","High Volatility / Speculative"
"AON","Aon",0.0104170488291501,0.245246481368776,"3","Stable Yield"
"AJG","Arthur J. Gallagher & Co.",0.309676114604076,0.260551638831284,"3","Stable Yield"
"ECL","Ecolab",0.321208565149222,0.224173660347067,"3","Stable Yield"
"MSI","Motorola Solutions",-0.183693054619032,0.267513188237212,"3","Stable Yield"
"WMB","Williams Companies",0.243477322673861,0.308060135315354,"2","Aggressive Growth"
"BK","BNY Mellon",0.339370267109954,0.296942521525595,"2","Aggressive Growth"
"ABNB","Airbnb",0.013578051128508,0.463700994228375,"1","Conservative / Defensive"
"CTAS","Cintas",0.420876595165242,0.245617732788118,"3","Stable Yield"
"APO","Apollo Global Management",-0.325377638447845,0.511545248380362,"1","Conservative / Defensive"
"USB","U.S. Bancorp",-0.116789321555715,0.331591221647056,"2","Aggressive Growth"
"TDG","TransDigm Group",0.401336327148342,0.286329823622661,"3","Stable Yield"
"GLW","Corning Inc.",0.246934410727137,0.377444613540156,"2","Aggressive Growth"
"EMR","Emerson Electric",0.181881293456596,0.353876613602651,"2","Aggressive Growth"
"MAR","Marriott International",-0.0094309745166242,0.33829891968671,"3","Stable Yield"
"ITW","Illinois Tool Works",-0.0232859249613242,0.263148802061924,"3","Stable Yield"
"PNC","PNC Financial Services",-0.054796542818815,0.302088368341789,"3","Stable Yield"
"UPS","United Parcel Service",-0.426330575279389,0.374000753172483,"1","Conservative / Defensive"
"JCI","Johnson Controls",0.606118327747423,0.361961532639045,"2","Aggressive Growth"
"VST","Vistra Corp.",0.538389134307702,0.857864249085866,"4","High Volatility / Speculative"
"RSG","Republic Services",0.435357857621278,0.197678706329925,"3","Stable Yield"
"AZO","AutoZone",0.276945454736873,0.233433357548361,"3","Stable Yield"
"CSX","CSX Corporation",0.0302163959190486,0.257448851095669,"2","Aggressive Growth"
"FI","Fiserv",-0.370510217425569,0.499643983485582,"1","Conservative / Defensive"
"MNST","Monster Beverage",0.375326913748819,0.233869943149684,"2","Aggressive Growth"
"PYPL","PayPal",-0.308352276825551,0.426778227759507,"1","Conservative / Defensive"
"NSC","Norfolk Southern Railway",0.181561447116407,0.279842809412349,"3","Stable Yield"
"ADSK","Autodesk",0.112296353650196,0.288498395237848,"3","Stable Yield"
"TEL","TE Connectivity",0.378501311999424,0.329497435734114,"3","Stable Yield"
"PWR","Quanta Services",0.376848571299562,0.498112636020176,"3","Stable Yield"
"URI","United Rentals",0.1835874249435,0.414392424528351,"3","Stable Yield"
"FTNT","Fortinet",0.228158396156489,0.397361712324318,"2","Aggressive Growth"
"ZTS","Zoetis",-0.0870946421613421,0.303012033980509,"2","Aggressive Growth"
"HLT","Hilton Worldwide",0.172913239532948,0.305893042277422,"3","Stable Yield"
"WDAY","Workday, Inc.",-0.100289839301949,0.385616345557791,"3","Stable Yield"
"AEP","American Electric Power",0.25188410005609,0.214088061521212,"2","Aggressive Growth"
"CL","Colgate-Palmolive",0.00803446154719482,0.241226399736467,"2","Aggressive Growth"
"TRV","Travelers Companies (The)",0.218529172788232,0.256836879644629,"3","Stable Yield"
"COR","Cencora",0.600505943189752,0.221884850142778,"3","Stable Yield"
"FCX","Freeport-McMoRan",0.280914261132113,0.536856753638683,"4","High Volatility / Speculative"
"KMI","Kinder Morgan",0.0934467845900926,0.303670264159913,"2","Aggressive Growth"
"REGN","Regeneron Pharmaceuticals",-0.643849543180905,0.496462371370316,"1","Conservative / Defensive"
"SRE","Sempra",-0.290942997649406,0.415755102266046,"1","Conservative / Defensive"
"EOG","EOG Resources",-0.0869599764592004,0.346529677135325,"2","Aggressive Growth"
"AFL","Aflac",0.0621372078372334,0.251326641502854,"3","Stable Yield"
"DLR","Digital Realty",-0.0316555273579644,0.31939239840909,"3","Stable Yield"
"APD","Air Products",-0.00906219840583644,0.289836173867362,"3","Stable Yield"
"CMI","Cummins",-0.124350902565038,0.359960785606494,"3","Stable Yield"
"SPG","Simon Property Group",-0.159193034970213,0.327846628576621,"3","Stable Yield"
"TFC","Truist Financial",-0.0164064605073898,0.352061861105421,"2","Aggressive Growth"
"CMG","Chipotle Mexican Grill",-0.134294892588129,0.343373071300421,"2","Aggressive Growth"
"DDOG","Datadog",-0.139414500173059,0.433018094845079,"1","Conservative / Defensive"
"MPC","Marathon Petroleum",0.334100301044392,0.419003272137461,"3","Stable Yield"
"AXON","Axon Enterprise",0.682853794921169,0.577960963651576,"4","High Volatility / Speculative"
"FDX","FedEx",-0.391193049312417,0.388124498869932,"1","Conservative / Defensive"
"LHX","L3Harris",0.396449883245863,0.240790999458031,"3","Stable Yield"
"ROP","Roper Technologies",0.204645774666658,0.231398909101426,"3","Stable Yield"
"NXPI","NXP Semiconductors",0.120470953150507,0.554323266606805,"4","High Volatility / Speculative"
"MET","MetLife",-0.0349255619320413,0.338679556711992,"2","Aggressive Growth"
"GM","General Motors",-0.089465184954752,0.385509949274071,"2","Aggressive Growth"
"ALL","Allstate",0.099156974711658,0.300986472431202,"3","Stable Yield"
"BDX","Becton Dickinson",-0.570132055817883,0.379790292703458,"1","Conservative / Defensive"
"O","Realty Income",0.189479099902133,0.196350669798352,"2","Aggressive Growth"
"PSX","Phillips 66",0.0871645952936898,0.441193592192585,"2","Aggressive Growth"
"PSA","Public Storage",-0.0223092201861739,0.235411966803843,"3","Stable Yield"
"D","Dominion Energy",0.0796203454257548,0.269830264303711,"2","Aggressive Growth"
"NDAQ","Nasdaq, Inc.",0.29983848957533,0.277729518719876,"2","Aggressive Growth"
"IDXX","Idexx Laboratories",0.565271296077663,0.356967125084189,"3","Stable Yield"
"VLO","Valero Energy",0.182369071882386,0.448684074096284,"2","Aggressive Growth"
"PCAR","Paccar",-0.175546315182788,0.315235324086548,"3","Stable Yield"
"ROST","Ross Stores",-0.372952710819917,0.294633887673691,"1","Conservative / Defensive"
"EA","Electronic Arts",0.188220257210257,0.374550922533363,"2","Aggressive Growth"
"FAST","Fastenal",0.37011727389797,0.261890457444543,"2","Aggressive Growth"
"CARR","Carrier Global",0.143098285014488,0.365752478207926,"2","Aggressive Growth"
"SLB","Schlumberger",-0.265738492482532,0.425570646358156,"1","Conservative / Defensive"
"GRMN","Garmin",0.0420302603815907,0.426993438614649,"3","Stable Yield"
"EXC","Exelon",0.296405401551464,0.22283503951952,"2","Aggressive Growth"
"XEL","Xcel Energy",0.0382713694645094,0.231273613934489,"2","Aggressive Growth"
"MPWR","Monolithic Power Systems",0.432531007593575,0.716394564872134,"4","High Volatility / Speculative"
"TTWO","Take-Two Interactive",0.588504087669961,0.358008600073099,"3","Stable Yield"
"XYZ","Block, Inc.",-0.509316274522206,0.663970920838032,"1","Conservative / Defensive"
"CBRE","CBRE Group",0.1577275802685,0.344065138337709,"3","Stable Yield"
"DHI","D. R. Horton",-0.136308099532847,0.341021072670501,"2","Aggressive Growth"
"F","Ford Motor Company",0.244100871803013,0.352687455838265,"2","Aggressive Growth"
"PAYX","Paychex",0.102113751181391,0.285092909839347,"3","Stable Yield"
"AIG","American International Group",0.331938196422104,0.266066584229272,"2","Aggressive Growth"
"STX","Seagate Technology",1.06887656887758,0.50498863272814,"4","High Volatility / Speculative"
"GWW","W. W. Grainger",-0.00294098139922506,0.22783674927413,"3","Stable Yield"
"AMP","Ameriprise Financial",0.0147629537268397,0.344201692610494,"3","Stable Yield"
"KR","Kroger",0.305613303219076,0.279819291011948,"2","Aggressive Growth"
"WBD","Warner Bros. Discovery",0.150709105143154,0.603561052532277,"4","High Volatility / Speculative"
"BKR","Baker Hughes",-0.167953686038092,0.410788951320173,"1","Conservative / Defensive"
"OKE","ONEOK",-0.45926171886467,0.381274961875672,"1","Conservative / Defensive"
"CPRT","Copart",-0.286992307111484,0.279905712263537,"2","Aggressive Growth"
"ETR","Entergy",0.203012182543962,0.257845328600902,"2","Aggressive Growth"
"EW","Edwards Lifesciences",0.155303529089474,0.25912932882814,"2","Aggressive Growth"
"AME","Ametek",0.0304904294847426,0.250357728692848,"3","Stable Yield"
"CTVA","Corteva",0.582717649125908,0.276966012048337,"2","Aggressive Growth"
"CCI","Crown Castle",0.292717218700961,0.293005300226106,"2","Aggressive Growth"
"MSCI","MSCI",-0.0723579195385494,0.285602077862796,"3","Stable Yield"
"OXY","Occidental Petroleum",-0.354691211899034,0.433007801394223,"1","Conservative / Defensive"
"EBAY","eBay",0.372339995778289,0.325106013415836,"2","Aggressive Growth"
"FANG","Diamondback Energy",-0.403573207565196,0.483812697154736,"1","Conservative / Defensive"
"VMC","Vulcan Materials Company",0.0423488488883152,0.279843334813896,"3","Stable Yield"
"PEG","Public Service Enterprise Group",-0.0226376644933867,0.243337948158264,"2","Aggressive Growth"
"TGT","Target Corporation",-0.686832443430589,0.390896931225785,"1","Conservative / Defensive"
"DAL","Delta Air Lines",-0.381615772081293,0.593088056333011,"1","Conservative / Defensive"
"WDC","Western Digital",0.653746043902879,0.556051270921003,"4","High Volatility / Speculative"
"YUM","Yum! Brands",0.21633874256273,0.269479977141635,"3","Stable Yield"
"FICO","Fair Isaac",-0.183073847146731,0.504651800949568,"3","Stable Yield"
"KMB","Kimberly-Clark",-0.0274426803546374,0.212287919248047,"3","Stable Yield"
"MLM","Martin Marietta Materials",0.151028008084397,0.261864562966625,"3","Stable Yield"
"RMD","ResMed",0.253064035158184,0.310038776348826,"3","Stable Yield"
"A","Agilent Technologies",-0.255764649069432,0.345280899523301,"3","Stable Yield"
"ROK","Rockwell Automation",0.349225666235369,0.398433078998503,"3","Stable Yield"
"CCL","Carnival",0.244097034358181,0.570214031095447,"4","High Volatility / Speculative"
"HSY","Hershey Company (The)",-0.0353399812791979,0.284016064930904,"3","Stable Yield"
"SYY","Sysco",0.000825082068805342,0.239176379221904,"2","Aggressive Growth"
"WEC","WEC Energy Group",0.214770094158167,0.1983699414054,"2","Aggressive Growth"
"ED","Consolidated Edison",0.249273159351283,0.237688407894769,"2","Aggressive Growth"
"HIG","Hartford (The)",0.315412681789967,0.241048380008277,"3","Stable Yield"
"CHTR","Charter Communications",0.32734220073312,0.374949268223135,"3","Stable Yield"
"CAH","Cardinal Health",0.735402390075269,0.223719870792581,"2","Aggressive Growth"
"PRU","Prudential Financial",-0.200012179339727,0.321533032937103,"3","Stable Yield"
"PCG","PG&E Corporation",-0.752813019027625,0.35939412636131,"1","Conservative / Defensive"
"KDP","Keurig Dr Pepper",0.0835483216158149,0.21417051508922,"2","Aggressive Growth"
"XYL","Xylem Inc.",0.227924943760018,0.268538203596717,"3","Stable Yield"
"OTIS","Otis Worldwide",0.14771776397573,0.246749938449188,"2","Aggressive Growth"
"FIS","Fidelity National Information Services",0.0340452275956558,0.341565898919581,"2","Aggressive Growth"
"MCHP","Microchip Technology",0.443235199354007,0.725096439248571,"4","High Volatility / Speculative"
"LYV","Live Nation Entertainment",0.328097047742989,0.348602697232072,"2","Aggressive Growth"
"IQV","IQVIA",-0.444890443214615,0.389708518039418,"1","Conservative / Defensive"
"EL","Est√©e Lauder Companies (The)",0.183652141644058,0.581028998198695,"4","High Volatility / Speculative"
"ACGL","Arch Capital Group",-0.00753465413471215,0.283297407454311,"3","Stable Yield"
"VRSK","Verisk Analytics",0.27178510533011,0.23346343175882,"3","Stable Yield"
"UAL","United Airlines Holdings",-0.37696302658076,0.670865710902716,"1","Conservative / Defensive"
"EQT","EQT Corporation",0.433977880605086,0.418662478910436,"4","High Volatility / Speculative"
"WAB","Wabtec",0.213302838687006,0.342858589341215,"3","Stable Yield"
"WTW","Willis Towers Watson",-0.0187374004366486,0.231805569313289,"3","Stable Yield"
"HPE","Hewlett Packard Enterprise",-0.101370081068376,0.548547698274675,"1","Conservative / Defensive"
"GEHC","GE HealthCare",-0.117790632959209,0.446171476405977,"1","Conservative / Defensive"
"LVS","Las Vegas Sands",-0.285385222465048,0.442843315333561,"1","Conservative / Defensive"
"CTSH","Cognizant",0.0436934479193144,0.282221165621861,"2","Aggressive Growth"
"VICI","Vici Properties",0.244421975625228,0.211850866055456,"2","Aggressive Growth"
"DD","DuPont",-0.197972704407322,0.424186370850943,"1","Conservative / Defensive"
"STT","State Street Corporation",0.171160823543652,0.326368997175047,"3","Stable Yield"
"TRGP","Targa Resources",-0.10475495108134,0.440993683640456,"3","Stable Yield"
"NRG","NRG Energy",1.14313147880815,0.651914345539873,"4","High Volatility / Speculative"
"SMCI","Supermicro",1.01874998248711,1.04250357314044,"4","High Volatility / Speculative"
"RJF","Raymond James Financial",-0.0220173321706825,0.312497652415855,"3","Stable Yield"
"CSGP","CoStar Group",0.263936753534596,0.352689225200008,"2","Aggressive Growth"
"NUE","Nucor",0.25739317176576,0.43941444700639,"3","Stable Yield"
"IBKR","Interactive Brokers Group",0.410417070682778,0.546558207845665,"4","High Volatility / Speculative"
"LEN","Lennar",-0.337630187074115,0.346171789375668,"1","Conservative / Defensive"
"HUM","Humana",-0.0684599148054536,0.424008541748506,"3","Stable Yield"
"IR","Ingersoll Rand",-0.17611652384747,0.352734110661363,"3","Stable Yield"
"KVUE","Kenvue",-0.034538845123263,0.275019300999181,"2","Aggressive Growth"
"BRO","Brown & Brown",0.203688237611549,0.242765566423985,"3","Stable Yield"
"EXR","Extra Space Storage",-0.00493802094180366,0.262289443558046,"3","Stable Yield"
"VTR","Ventas",0.178607043790849,0.264104688806099,"2","Aggressive Growth"
"IRM","Iron Mountain",-0.0436014076534685,0.367285002361483,"3","Stable Yield"
"EME","EMCOR Group, Inc.",0.324892813821097,0.515491635176215,"3","Stable Yield"
"ADM","Archer Daniels Midland",0.103546961083688,0.320543839013341,"2","Aggressive Growth"
"KHC","Kraft Heinz",-0.365276715592516,0.255730021729064,"2","Aggressive Growth"
"WRB","W. R. Berkley Corporation",0.492049264783981,0.253288682754297,"3","Stable Yield"
"TSCO","Tractor Supply",0.0154490752163528,0.322870362670565,"2","Aggressive Growth"
"DTE","DTE Energy",0.187254373793145,0.202378704035049,"3","Stable Yield"
"MTB","M&T Bank",0.0573605653998843,0.307293478013314,"3","Stable Yield"
"K","Kellanova",-0.0396854436548925,0.0551985624620262,"2","Aggressive Growth"
"ODFL","Old Dominion",-0.165574937396072,0.437301720199566,"3","Stable Yield"
"KEYS","Keysight Technologies",0.0387420274092411,0.376101190161976,"3","Stable Yield"
"FITB","Fifth Third Bancorp",-0.0520063136369102,0.330206523451524,"2","Aggressive Growth"
"ATO","Atmos Energy",0.22557895309935,0.195344710881107,"3","Stable Yield"
"EFX","Equifax",0.0672379326311019,0.40531278794306,"3","Stable Yield"
"AEE","Ameren",0.158782424843298,0.205038437896508,"3","Stable Yield"
"PPL","PPL Corporation",0.107828600841241,0.204452885593145,"2","Aggressive Growth"
"EXPE","Expedia Group",-0.196048900120469,0.517238896154516,"1","Conservative / Defensive"
"AWK","American Water Works",0.241822306392679,0.276819013921914,"3","Stable Yield"
"ROL","Rollins, Inc.",0.423428980772583,0.217578676715137,"3","Stable Yield"
"BR","Broadridge Financial Solutions",0.143669270054543,0.242132725929369,"3","Stable Yield"
"FE","FirstEnergy",0.0181846139673781,0.265692319409304,"2","Aggressive Growth"
"HPQ","HP Inc.",-0.589966271699533,0.432674415846588,"1","Conservative / Defensive"
"SYF","Synchrony Financial",0.0470228399532809,0.485171393721343,"1","Conservative / Defensive"
"TDY","Teledyne Technologies",0.233428143054948,0.264410061652042,"3","Stable Yield"
"MTD","Mettler Toledo",-0.0800988818321437,0.395904802674212,"3","Stable Yield"
"AVB","AvalonBay Communities",-0.134442785750622,0.253117987516578,"3","Stable Yield"
"ES","Eversource Energy",0.216448060480785,0.284514069532505,"2","Aggressive Growth"
"DXCM","Dexcom",0.221046244278029,0.46754659318025,"2","Aggressive Growth"
"GIS","General Mills",-0.4250395446256,0.262881089984078,"2","Aggressive Growth"
"CNP","CenterPoint Energy",0.321135564114543,0.179264507466877,"2","Aggressive Growth"
"VLTO","Veralto",0.00744023879648921,0.2472000110453,"3","Stable Yield"
"TTD","The Trade Desk, Inc.",-1.02438342930117,0.868414959350446,"1","Conservative / Defensive"
"PHM","PulteGroup",-0.0426121415091584,0.360322399525386,"3","Stable Yield"
"CBOE","Cboe Global Markets",0.357344942943838,0.244600241332974,"3","Stable Yield"
"VRSN","Verisign",0.712757512140203,0.23065065443193,"3","Stable Yield"
"CINF","Cincinnati Financial",0.092068741535734,0.28557734442577,"3","Stable Yield"
"IP","International Paper",-0.264042289947915,0.398738713906901,"1","Conservative / Defensive"
"FSLR","First Solar",-0.247954485258228,0.711106475978887,"1","Conservative / Defensive"
"STZ","Constellation Brands",-0.652818657961083,0.3790619311081,"1","Conservative / Defensive"
"TPR","Tapestry, Inc.",0.606346323829264,0.46237774350767,"4","High Volatility / Speculative"
"NTRS","Northern Trust",0.432982397994552,0.350076743151535,"3","Stable Yield"
"ULTA","Ulta Beauty",0.179636006519143,0.427854604495112,"3","Stable Yield"
"EXE","Expand Energy",0.300660194002655,0.304496726928236,"2","Aggressive Growth"
"LDOS","Leidos",0.200214116670166,0.304130440465908,"3","Stable Yield"
"PTC","PTC Inc.",-0.125107641645318,0.316091830524648,"3","Stable Yield"
"HBAN","Huntington Bancshares",0.0656402942210085,0.35835988178594,"2","Aggressive Growth"
"NTAP","NetApp",-0.175537659056908,0.452754916325651,"1","Conservative / Defensive"
"EQR","Equity Residential",-0.0781310455705454,0.267877390976691,"3","Stable Yield"
"STE","Steris",0.356158959973935,0.239802382681901,"3","Stable Yield"
"TROW","T. Rowe Price",-0.336644713660784,0.338911113858216,"3","Stable Yield"
"WSM","Williams-Sonoma",-0.287463084226023,0.494575077197311,"1","Conservative / Defensive"
"LH","LabCorp",0.291800507801905,0.247520975819353,"3","Stable Yield"
"DG","Dollar General",0.861534285719393,0.411523563542124,"4","High Volatility / Speculative"
"HUBB","Hubbell Incorporated",-0.0582293477657582,0.371317123778578,"3","Stable Yield"
"CFG","Citizens Financial Group",0.0542201833074438,0.389069391869041,"2","Aggressive Growth"
"PPG","PPG Industries",-0.0303536945937502,0.348395913694685,"3","Stable Yield"
"RF","Regions Financial Corporation",0.0231506275773286,0.339807614399665,"2","Aggressive Growth"
"DOV","Dover Corporation",-0.0272141674411953,0.321540455561191,"3","Stable Yield"
"PODD","Insulet Corporation",0.419598354677241,0.427766130452341,"3","Stable Yield"
"TER","Teradyne",-0.711839848795362,0.592731746294578,"1","Conservative / Defensive"
"CMS","CMS Energy",0.084353960380963,0.198711010787341,"2","Aggressive Growth"
"SW","Smurfit WestRock",-0.451656164776236,0.42063489613106,"1","Conservative / Defensive"
"TYL","Tyler Technologies",0.0648297805096266,0.289784434679953,"3","Stable Yield"
"JBL","Jabil",0.881580474842376,0.44100287527163,"4","High Volatility / Speculative"
"DRI","Darden Restaurants",0.324627194926847,0.276241612203522,"3","Stable Yield"
"EIX","Edison International",-0.91351031820147,0.450286441250449,"1","Conservative / Defensive"
"STLD","Steel Dynamics",0.279563197616894,0.418623907356538,"3","Stable Yield"
"BIIB","Biogen",-0.369904054451963,0.326794442661768,"3","Stable Yield"
"NVR","NVR, Inc.",-0.163772321942501,0.291742994760655,"3","Stable Yield"
"L","Loews Corporation",0.177787728785765,0.238836193502174,"3","Stable Yield"
"CHD","Church & Dwight",-0.16110898180486,0.237772482618775,"3","Stable Yield"
"GPN","Global Payments",-0.697850699271005,0.483653563102897,"1","Conservative / Defensive"
"TPL","Texas Pacific Land Corporation",-0.230600404721035,0.550835716628723,"3","Stable Yield"
"DVN","Devon Energy",-0.101581396230113,0.508629116726582,"1","Conservative / Defensive"
"DLTR","Dollar Tree",0.538624595651226,0.514202006463867,"4","High Volatility / Speculative"
"ON","ON Semiconductor",-0.34019704164267,0.672343051332689,"1","Conservative / Defensive"
"DGX","Quest Diagnostics",0.362139158988044,0.235418915020015,"3","Stable Yield"
"SBAC","SBA Communications",0.330284658018921,0.280570711252843,"3","Stable Yield"
"NI","NiSource",0.216333176286203,0.228798383262496,"2","Aggressive Growth"
"LULU","Lululemon Athletica",-0.935570684234235,0.566700745361177,"1","Conservative / Defensive"
"CPAY","Corpay",-0.0502897465540043,0.438723872875292,"3","Stable Yield"
"WAT","Waters Corporation",-0.11163533693535,0.373232936894948,"3","Stable Yield"
"KEY","KeyCorp",0.0532798612923241,0.379578735476101,"2","Aggressive Growth"
"CDW","CDW",0.102294888500261,0.358309638827689,"3","Stable Yield"
"RL","Ralph Lauren Corporation",0.352613526675625,0.500967045558259,"3","Stable Yield"
"HAL","Halliburton",-0.641372972082176,0.488369447842006,"1","Conservative / Defensive"
"FFIV","F5, Inc.",0.325373817833533,0.33600660716472,"3","Stable Yield"
"ZBH","Zimmer Biomet",-0.282489256773997,0.302603117239466,"3","Stable Yield"
"PSKY","Paramount Skydance Corp",0.412909049621845,0.260402411488514,"2","Aggressive Growth"
"J","Jacobs Solutions",0.00731674911931561,0.265171313156274,"3","Stable Yield"
"PKG","Packaging Corporation of America",-0.371405890327808,0.302996218900917,"3","Stable Yield"
"TSN","Tyson Foods",-0.0806945469429467,0.2453409977923,"2","Aggressive Growth"
"WST","West Pharmaceutical Services",-0.845645055256356,0.780321341628173,"1","Conservative / Defensive"
"AMCR","Amcor",-0.0359472937778182,0.245082650858051,"2","Aggressive Growth"
"IT","Gartner",-0.372123390511608,0.277987263676992,"3","Stable Yield"
"GPC","Genuine Parts Company",0.0921402678771264,0.270844774000355,"3","Stable Yield"
"TRMB","Trimble Inc.",0.179370618196821,0.355615698872454,"3","Stable Yield"
"LII","Lennox International",-0.110651487049888,0.381810329261046,"3","Stable Yield"
"GDDY","GoDaddy",-0.20735295681019,0.37509067098683,"3","Stable Yield"
"PNR","Pentair",0.0463603980857933,0.336575455267335,"3","Stable Yield"
"APTV","Aptiv",0.257010162486403,0.40355773676318,"2","Aggressive Growth"
"PFG","Principal Financial Group",0.0541874087222611,0.340078140690385,"3","Stable Yield"
"EVRG","Evergy",0.232799029622335,0.193661797332777,"2","Aggressive Growth"
"CNC","Centene Corporation",-0.22628518205145,0.336271004144278,"2","Aggressive Growth"
"CTRA","Coterra",-0.0614489418948612,0.351230003006742,"2","Aggressive Growth"
"MKC","McCormick & Company",-0.00164744474887163,0.264192141079037,"3","Stable Yield"
"LUV","Southwest Airlines",-0.0588660826946259,0.467993290617055,"1","Conservative / Defensive"
"SNA","Snap-on",-0.15429754494926,0.277020411413568,"3","Stable Yield"
"LNT","Alliant Energy",0.0686225042166453,0.211736603716662,"3","Stable Yield"
"INVH","Invitation Homes",0.0888574171431128,0.226161325066362,"2","Aggressive Growth"
"BG","Bunge Global",0.0715175363238847,0.319716300260307,"3","Stable Yield"
"WY","Weyerhaeuser",-0.178577389142178,0.296476023203992,"2","Aggressive Growth"
"ESS","Essex Property Trust",0.0287102576814068,0.279810319248222,"3","Stable Yield"
"ERIE","Erie Indemnity",-0.346171970695951,0.375478421364336,"3","Stable Yield"
"INCY","Incyte",-0.0432796482708743,0.361817075676014,"3","Stable Yield"
"GEN","Gen Digital",0.140653918690933,0.305664959400333,"2","Aggressive Growth"
"FTV","Fortive",-0.147451341433414,0.31162966615173,"2","Aggressive Growth"
"BBY","Best Buy",-0.520017726676495,0.53886638165199,"1","Conservative / Defensive"
"IFF","International Flavors & Fragrances",-0.253997070071237,0.303904113777238,"3","Stable Yield"
"EXPD","Expeditors International",0.0785716471603677,0.316776847431351,"3","Stable Yield"
"DOW","Dow Inc.",-0.835506964566146,0.474350149455808,"1","Conservative / Defensive"
"TKO","TKO Group Holdings",0.505618611445917,0.357810340890718,"3","Stable Yield"
"MAA","Mid-America Apartment Communities",-0.0618295877384204,0.237970479773124,"3","Stable Yield"
"OMC","Omnicom Group",-0.382411235781358,0.30831613253313,"1","Conservative / Defensive"
"TXT","Textron",0.120124281305034,0.325728701891146,"3","Stable Yield"
"LYB","LyondellBasell",-0.477789693754366,0.420746332363239,"1","Conservative / Defensive"
"ALLE","Allegion",0.237457387393234,0.288890705922747,"3","Stable Yield"
"CHRW","C.H. Robinson",-0.143210056990202,0.30450372955902,"3","Stable Yield"
"ZBRA","Zebra Technologies",-0.455577316131342,0.519983241874377,"1","Conservative / Defensive"
"EG","Everest Group",-0.139135590404315,0.267971843265628,"3","Stable Yield"
"DECK","Deckers Brands",-1.42735129714835,0.671474402076418,"1","Conservative / Defensive"
"KIM","Kimco Realty",-0.18476109186409,0.274373004173727,"2","Aggressive Growth"
"CLX","Clorox",-0.621610056714994,0.247690441338081,"3","Stable Yield"
"HOLX","Hologic",-0.200356012143088,0.357454520326049,"3","Stable Yield"
"MAS","Masco",-0.222597311540647,0.359559613037682,"3","Stable Yield"
"DPZ","Domino's",0.073715059574003,0.304624443659567,"3","Stable Yield"
"COO","Cooper Companies (The)",-0.50438608631568,0.404292543510688,"1","Conservative / Defensive"
"BLDR","Builders FirstSource",-0.408542726544566,0.465749765881372,"1","Conservative / Defensive"
"CF","CF Industries",0.144577151176578,0.373496695435318,"3","Stable Yield"
"JBHT","J.B. Hunt",-0.366130606508814,0.402171499334571,"3","Stable Yield"
"HRL","Hormel Foods",-0.0856510106548148,0.222922498885124,"2","Aggressive Growth"
"NDSN","Nordson Corporation",0.0933855082717835,0.333777944614893,"3","Stable Yield"
"BF.B","BrownForman",-0.673262813419254,0.449415422653696,"1","Conservative / Defensive"
"UHS","Universal Health Services",0.0170851468094595,0.384270685566392,"3","Stable Yield"
"BALL","Ball Corporation",0.0621843650059432,0.28603515269265,"3","Stable Yield"
"ARE","Alexandria Real Estate Equities",-0.613285357299196,0.343751139451719,"1","Conservative / Defensive"
"REG","Regency Centers",-0.0284582193648969,0.229638357161046,"3","Stable Yield"
"DOC","Healthpeak Properties",-0.293503560497211,0.243716825662536,"2","Aggressive Growth"
"AVY","Avery Dennison",-0.0910336892006086,0.258583391851074,"3","Stable Yield"
"SOLV","Solventum",0.291637485744071,0.374680479781479,"3","Stable Yield"
"FOX","Fox Corporation (Class B)",0.229627553561271,0.321064194223718,"3","Stable Yield"
"FOXA","Fox Corporation (Class A)",0.280010582696012,0.316281451816968,"2","Aggressive Growth"
"IEX","IDEX Corporation",-0.333492977796884,0.313503227370641,"3","Stable Yield"
"WYNN","Wynn Resorts",0.231891982253856,0.446183547328867,"3","Stable Yield"
"UDR","UDR, Inc.",-0.0849564974494432,0.272436625805053,"3","Stable Yield"
"BEN","Franklin Resources",0.352125910504722,0.368411474407067,"2","Aggressive Growth"
"BAX","Baxter International",0.0713639695063794,0.375920176253282,"2","Aggressive Growth"
"VTRS","Viatris",-0.687047138574092,0.41570725143646,"1","Conservative / Defensive"
"HII","Huntington Ingalls Industries",0.52553139618081,0.459248826723485,"3","Stable Yield"
"ALB","Albemarle Corporation",-0.640352035661164,0.593647258047382,"1","Conservative / Defensive"
"PAYC","Paycom",0.289185275105196,0.382790714941488,"3","Stable Yield"
"GL","Globe Life",0.212384160815951,0.285910147367674,"3","Stable Yield"
"HST","Host Hotels & Resorts",-0.23563594493529,0.350471870311761,"2","Aggressive Growth"
"PNW","Pinnacle West",0.123715113136197,0.187558283219772,"3","Stable Yield"
"JKHY","Jack Henry & Associates",0.0849358306122955,0.250607696343133,"3","Stable Yield"
"AIZ","Assurant",-0.141851895177726,0.288280553150267,"3","Stable Yield"
"BXP","BXP, Inc.",-0.183938641554556,0.35445222448874,"3","Stable Yield"
"CPT","Camden Property Trust",-0.0364566006018973,0.251806451663276,"3","Stable Yield"
"GNRC","Generac",-0.19146526988545,0.429349820698538,"3","Stable Yield"
"SWKS","Skyworks Solutions",-0.356902549321046,0.663137613042619,"1","Conservative / Defensive"
"NCLH","Norwegian Cruise Line Holdings",-0.511038698973513,0.592212248245099,"1","Conservative / Defensive"
"SJM","J.M. Smucker Company (The)",-0.262104525316004,0.352564451204889,"3","Stable Yield"
"FDS","FactSet",-0.131839553336031,0.240278319179597,"3","Stable Yield"
"POOL","Pool Corporation",-0.276534866963495,0.327244265920097,"3","Stable Yield"
"DAY","Dayforce",-0.528489258927916,0.429932335837697,"1","Conservative / Defensive"
"AKAM","Akamai Technologies",-0.373347526921184,0.521553529353306,"1","Conservative / Defensive"
"SWK","Stanley Black & Decker",-0.34301375450022,0.526097744968514,"1","Conservative / Defensive"
"RVTY","Revvity",-0.305479533695177,0.402165260548193,"3","Stable Yield"
"IVZ","Invesco",-0.234560730296681,0.454457700854262,"1","Conservative / Defensive"
"MOH","Molina Healthcare",0.0758910630763155,0.425748872626564,"3","Stable Yield"
"AES","AES Corporation",-0.448830590642173,0.517562694436952,"1","Conservative / Defensive"
"HAS","Hasbro",0.559458255673077,0.447789003577145,"4","High Volatility / Speculative"
"MRNA","Moderna",-0.875161074162412,0.759897479858387,"1","Conservative / Defensive"
"NWSA","News Corp (Class A)",0.164715987739279,0.256273974130249,"2","Aggressive Growth"
"IPG","Interpublic Group of Companies (The)",-0.289446293753102,0.330017866962783,"2","Aggressive Growth"
"AOS","A. O. Smith",-0.0551643167518906,0.266849250839668,"3","Stable Yield"
"MOS","Mosaic Company (The)",0.83930795347568,0.381281680939269,"4","High Volatility / Speculative"
"ALGN","Align Technology",-0.200766013692679,0.410739253051634,"3","Stable Yield"
"TAP","Molson Coors Beverage Company",-0.345463660422481,0.284750044665978,"3","Stable Yield"
"TECH","Bio-Techne",-0.684788607097641,0.455554297638743,"1","Conservative / Defensive"
"DVA","DaVita",-0.105055910488484,0.333437652639127,"3","Stable Yield"
"CPB","Campbell Soup Company",-0.65759709613199,0.275571365928061,"1","Conservative / Defensive"
"LW","Lamb Weston",-0.503803574073145,0.36776105627647,"1","Conservative / Defensive"
"MGM","MGM Resorts",0.0446844643945601,0.495021751448074,"1","Conservative / Defensive"
"CAG","Conagra Brands",-0.627684919997194,0.262411045852799,"1","Conservative / Defensive"
"FRT","Federal Realty Investment Trust",-0.285566896686872,0.288619878470383,"3","Stable Yield"
"CRL","Charles River Laboratories",-0.386152255574102,0.692091719947966,"1","Conservative / Defensive"
"APA","APA Corporation",-0.511344433037763,0.639594770564472,"1","Conservative / Defensive"
"EPAM","EPAM Systems",-0.540005142626488,0.468575177507931,"1","Conservative / Defensive"
"MHK","Mohawk Industries",-0.209232725028262,0.376861085372882,"3","Stable Yield"
"MTCH","Match Group",-0.11285118746633,0.37532892209986,"2","Aggressive Growth"
"HSIC","Henry Schein",0.132416070342753,0.273585916487473,"3","Stable Yield"
"LKQ","LKQ Corporation",0.04378690608486,0.319117425596846,"3","Stable Yield"
"EMN","Eastman Chemical Company",-0.354641144690047,0.391134296483482,"1","Conservative / Defensive"
"KMX","CarMax",-0.3943268431539,0.454839495243916,"1","Conservative / Defensive"
"NWS","News Corp (Class B)",0.254044277758683,0.261597251166323,"3","Stable Yield"
